Title,Write.as,Dpaste,Paste.rs
"Agentic Commerce",FAILED,FAILED,FAILED
"The Agentic State",FAILED,https://dpaste.com/6R837232S,https://paste.rs/9jLVL
"Agents Eating SaaS",FAILED,https://dpaste.com/6SBPFHFZF,FAILED
"Governance in the Age of AGI",FAILED,https://dpaste.com/95A5UXDDS,https://paste.rs/6vfT0
"The AI Agent Economy",FAILED,https://dpaste.com/GGTUGQ8D6,FAILED
"The AI Economy",FAILED,https://dpaste.com/3G6KTDYHW,https://paste.rs/n4c50
"The AI Implementation Playbook",FAILED,https://dpaste.com/CUH7RJRY9,https://paste.rs/EiN37
"The World as an Interface",FAILED,https://dpaste.com/5QD3WKHU5,https://paste.rs/tobO1
"API States",FAILED,https://dpaste.com/3GTJMCW2Q,https://paste.rs/blYXV
"Artificial Intuition",FAILED,https://dpaste.com/8WTBFK26B,FAILED
"AI Superintelligence Timeline",FAILED,https://dpaste.com/6JVMAYCXZ,https://paste.rs/oywAP
"Attention Refinery",FAILED,https://dpaste.com/9PMPZBY4Z,FAILED
"Tracing Blockchain's Journey",FAILED,FAILED,FAILED
"Bureaucracy is the friction tax we all pay",FAILED,https://dpaste.com/6PDRMSFZM,https://paste.rs/J2wgP
"From Cheap to Competitive",FAILED,https://dpaste.com/4DAP73P5C,https://paste.rs/GHAGA
"Cognitive Load Crisis",FAILED,https://dpaste.com/HYQYXMENA,FAILED
"Computational Constitutions",FAILED,FAILED,https://paste.rs/VbIF3
"Computational Social Science",FAILED,https://dpaste.com/3SJRX9W6G,FAILED
"The Dark Forest Internet",FAILED,https://dpaste.com/HN9NNCM3Q,https://paste.rs/lW6xd
"Digital Monasticism",FAILED,https://dpaste.com/6Q2QQCN48,FAILED
"The God Protocol",FAILED,FAILED,FAILED
"The Hustle Trap",FAILED,https://dpaste.com/DZAHST7TS,https://paste.rs/7PT2F
"The In-Between State",FAILED,https://dpaste.com/7QNGR6VTC,https://paste.rs/n5ZlF
"The Infinity Economy",FAILED,https://dpaste.com/FF92HSDBB,FAILED
"An Internet of Lies",FAILED,FAILED,https://paste.rs/i8Lxq
"Intuitive Singularity",FAILED,https://dpaste.com/876LB3SLL,https://paste.rs/PIWhZ
"The Mesh Economy",FAILED,https://dpaste.com/63ARJ8JT7,https://paste.rs/HZwWt
"The Plurality Trap",FAILED,https://dpaste.com/FGD36AQ4C,FAILED
"The Post-Interface Internet",FAILED,https://dpaste.com/5ZEQ37Q78,FAILED
"Post-Scarcity Technology",FAILED,https://dpaste.com/AA36ZFCFF,https://paste.rs/5zQMM
"Programmable Trust",FAILED,FAILED,FAILED
"Pseudonymous Agency",FAILED,https://dpaste.com/2HAZYSW6Y,https://paste.rs/54hii
"Rationality in AI",FAILED,https://dpaste.com/2E7CQV95Z,https://paste.rs/ezgWQ
"The Revision Gap",FAILED,https://dpaste.com/AS7QLBJSA,FAILED
"Sacred Algorithms",FAILED,https://dpaste.com/3B5PCWJ7A,https://paste.rs/hKSZv
"The Sensory Internet",FAILED,https://dpaste.com/228SWUV2G,FAILED
"Are We in a Computer Simulation?",FAILED,https://dpaste.com/42UQWVGDZ,https://paste.rs/qNG82
"The Simulation Layer",FAILED,https://dpaste.com/8445Y8DBH,FAILED
"Lessons from Singapore's Arc",FAILED,https://dpaste.com/82SDSEKD5,FAILED
"The Singularity Paradox",FAILED,https://dpaste.com/FAGEXUESW,FAILED
"What is the Singularity?",FAILED,https://dpaste.com/7BKAWK37Z,FAILED
"The Stepwise Approach to Enterprise AI",FAILED,https://dpaste.com/D6SYBBGU9,FAILED
"The Substrate Shift",FAILED,https://dpaste.com/FJBMLB66S,FAILED
"Synthetic Empathy",FAILED,https://dpaste.com/6NL3LP36U,https://paste.rs/5BuhQ
"Towards the Agentic Web",FAILED,FAILED,FAILED
"Twilight Economy",FAILED,https://dpaste.com/DY94TVN9K,https://paste.rs/4aQHg
"The Text Field is the New Dashboard",FAILED,https://dpaste.com/CYYLYX7YT,FAILED
"The YC Portfolio, Decoded",FAILED,https://dpaste.com/7DFRFDPPP,https://paste.rs/vJjJV
